Corruption Perceptions Index 2025: Global scores,,,,,,,,,,,,,,,,,,,,,,,,,
EMBARGOED UNTIL 10.02.2026,,,,,,,,,,,,,,,,,,,,,,,,,
,,,,,,,,,,,,,,,,,,,,,,,,,
Country / Territory,ISO3,Region,CPI 2025 score,Rank,Standard error 2025,Number of sources,Lower CI,Upper CI,African Development Bank CPIA,Bertelsmann Foundation Sustainable Governance Index,Bertelsmann Foundation Transformation Index,Economist Intelligence Unit Country Ratings,Freedom House Nations In Transit,Global Insights Country Risk Ratings,IMD World Competitiveness Yearbook,PERC Asia Risk Guide,PRS International Country Risk Guide,Varieties of Democracy Project,World Bank CPIA,World Economic Forum EOS,World Justice Project Rule of Law Index,,,,
Denmark,DNK,WE/EU,89,1,1.88,8,86,92,,97,,83,,85,93,,100,75,,94,87,,,,
Finland,FIN,WE/EU,88,2,1.81,8,85,91,,97,,83,,85,93,,96,74,,91,84,,,,
Singapore,SGP,AP,84,3,1.52,9,82,86,,,77,83,,85,91,88,78,73,,99,85,,,,
New Zealand,NZL,AP,81,4,2.04,8,78,84,,87,,83,,85,72,,96,74,,69,83,,,,
Norway,NOR,WE/EU,81,4,1.62,8,78,84,,87,,83,,85,79,,87,74,,67,84,,,,
Sweden,SWE,WE/EU,80,6,2.53,8,76,84,,87,,83,,85,71,,96,74,,61,84,,,,
Switzerland,CHE,WE/EU,80,6,2.19,7,76,84,,87,,83,,72,87,,87,74,,68,,,,,
Luxembourg,LUX,WE/EU,78,8,2.19,7,74,82,,,,67,,72,79,,87,73,,89,78,,,,
Netherlands,NLD,WE/EU,78,8,2.40,8,74,82,,57,,83,,72,89,,87,74,,84,80,,,,
Germany,DEU,WE/EU,77,10,1.85,8,74,80,,77,,83,,72,89,,78,74,,61,79,,,,
Iceland,ISL,WE/EU,77,10,3.96,5,71,83,,,,67,,72,95,,78,74,,,,,,,
Australia,AUS,AP,76,12,1.43,9,74,78,,67,,67,,85,74,88,78,73,,74,80,,,,
Estonia,EST,WE/EU,76,12,1.07,10,74,78,,87,86,67,74,72,78,,69,73,,81,76,,,,
Hong Kong,HKG,AP,76,12,2.42,8,72,80,,,,83,,59,91,79,69,70,,87,73,,,,
Ireland,IRL,WE/EU,76,12,1.28,8,74,78,,77,,67,,72,86,,78,73,,78,77,,,,
Canada,CAN,AME,75,16,1.96,8,72,78,,87,,83,,72,74,,78,73,,58,77,,,,
Uruguay,URY,AME,73,17,1.32,7,71,75,,,82,67,,72,,,78,72,,74,71,,,,
Bhutan,BTN,AP,71,18,2.06,4,68,74,,,73,,,72,,,,64,75,,,,,,
Japan,JPN,AP,71,18,2.49,9,67,75,,46,,67,,72,68,80,60,71,,92,78,,,,
United Kingdom,GBR,WE/EU,70,20,1.58,8,67,73,,77,,67,,72,58,,69,72,,67,80,,,,
Austria,AUT,WE/EU,69,21,1.25,8,67,71,,67,,67,,59,77,,69,68,,70,75,,,,
Belgium,BEL,WE/EU,69,21,1.41,8,67,71,,67,,67,,72,77,,69,73,,57,74,,,,
United Arab Emirates,ARE,MENA,69,21,2.25,8,65,73,,,60,67,,59,87,,60,68,,78,71,,,,
Barbados,BRB,AME,68,24,3.12,3,63,73,,,,,,72,,,,70,,,61,,,,
Seychelles,SYC,SSA,68,24,2.35,4,64,72,60,,,67,,72,,,,72,,,,,,,
Taiwan,TWN,AP,68,24,1.71,8,65,71,,,82,67,,72,69,63,60,59,,73,,,,,
France,FRA,WE/EU,66,27,1.83,8,63,69,,67,,67,,59,55,,78,72,,57,71,,,,
Lithuania,LTU,WE/EU,65,28,1.61,10,62,68,,67,73,51,67,59,69,,51,63,,85,70,,,,
Bahamas,BHS,AME,64,29,6.56,3,53,75,,,,,,59,,,78,,,,55,,,,
United States of America,USA,AME,64,29,2.64,9,60,68,,67,,67,,85,51,37,69,72,,62,70,,,,
Brunei Darussalam,BRN,AP,63,31,5.63,3,54,72,,,,,,72,,,51,,,65,,,,,
Chile,CHL,AME,63,31,2.33,8,59,67,,,82,67,,59,48,,60,70,,53,64,,,,
"Korea, South",KOR,AP,63,31,1.52,9,61,65,,,60,67,,59,49,57,76,64,,62,71,,,,
Saint Vincent and the Grenadines,VCT,AME,63,31,1.95,3,60,66,,,,,,59,,,,,63,,66,,,,
Cabo Verde,CPV,SSA,62,35,4.23,5,55,69,55,,,,,72,,,,57,75,48,,,,,
Israel,ISR,MENA,62,35,2.60,5,58,66,,67,,67,,59,,,51,67,,,,,,,
Dominica,DMA,AME,60,37,1.75,3,57,63,,,,,,59,,,,,63,,57,,,,
Latvia,LVA,WE/EU,60,37,2.11,10,57,63,,77,73,51,67,59,58,,51,70,,32,65,,,,
Czechia,CZE,WE/EU,59,39,0.87,10,58,60,,57,60,51,63,59,63,,51,68,,58,63,,,,
Saint Lucia,LCA,AME,59,39,7.92,3,46,72,,,,,,46,,,,,75,,56,,,,
Botswana,BWA,SSA,58,41,1.99,9,55,61,59,,56,67,,72,39,,69,59,,49,53,,,,
Qatar,QAT,MENA,58,41,3.37,8,52,64,,,43,67,,46,84,,51,50,,72,51,,,,
Rwanda,RWA,SSA,58,41,2.78,7,53,63,69,,47,,,59,,,,46,51,73,60,,,,
Slovenia,SVN,WE/EU,58,41,1.74,10,55,61,,67,64,51,74,59,43,,51,71,,43,59,,,,
Saudi Arabia,SAU,MENA,57,45,3.84,7,51,63,,,39,51,,46,77,,71,53,,67,,,,,
Costa Rica,CRI,AME,56,46,2.83,7,51,61,,,73,51,,59,,,42,61,,46,61,,,,
Grenada,GRD,AME,56,46,4.88,3,48,64,,,,,,46,,,,,63,,59,,,,
Portugal,PRT,WE/EU,56,46,2.27,8,52,60,,57,,34,,59,48,,60,64,,61,63,,,,
Cyprus,CYP,WE/EU,55,49,2.24,6,51,59,,,,51,,59,45,,51,64,,,60,,,,
Fiji,FJI,AP,55,49,2.02,3,52,58,,,,,,59,,,,55,51,,,,,,
Spain,ESP,WE/EU,55,49,2.54,8,51,59,,67,,51,,46,46,,51,68,,43,69,,,,
Italy,ITA,WE/EU,53,52,1.75,8,50,56,,57,,51,,59,41,,51,61,,46,62,,,,
Poland,POL,WE/EU,53,52,2.03,10,50,56,,26,69,51,55,59,47,,42,68,,59,59,,,,
Malaysia,MYS,AP,52,54,1.29,9,50,54,,,51,51,,59,50,40,53,53,,64,47,,,,
Oman,OMN,MENA,52,54,5.54,7,43,61,,,21,34,,59,73,,42,57,,79,,,,,
Bahrain,BHR,MENA,50,56,6.22,7,40,60,,,30,34,,32,78,,51,40,,87,,,,,
Georgia,GEO,ECA,50,56,4.31,6,43,57,,,34,,52,32,,,,62,,65,53,,,,
Greece,GRC,WE/EU,50,56,1.65,8,47,53,,57,,51,,59,42,,42,59,,45,50,,,,
Jordan,JOR,MENA,50,56,3.24,8,45,55,,,39,51,,32,72,,42,46,,70,52,,,,
Malta,MLT,WE/EU,49,60,3.25,6,44,54,,,,51,,46,,,33,62,,44,57,,,,
Mauritius,MUS,SSA,48,61,1.51,7,46,50,42,,47,51,,59,,,,44,,45,51,,,,
Slovakia,SVK,WE/EU,48,61,2.82,9,43,53,,36,51,51,59,72,24,,33,56,,,47,,,,
Croatia,HRV,WE/EU,47,63,1.83,9,44,50,,,56,51,52,46,31,,51,57,,32,50,,,,
Vanuatu,VUT,AP,47,63,4.27,3,40,54,,,,,,46,,,,55,39,,,,,,
Armenia,ARM,ECA,46,65,2.30,6,42,50,,,51,,44,46,,,33,50,,53,,,,,
Kuwait,KWT,MENA,46,65,2.09,8,43,49,,,47,34,,32,50,,42,54,,59,47,,,,
Montenegro,MNE,ECA,46,65,2.95,5,41,51,,,60,,44,46,,,,41,,,40,,,,
Namibia,NAM,SSA,46,65,2.02,9,43,49,52,,34,51,,59,28,,51,56,,37,47,,,,
Senegal,SEN,SSA,46,65,1.17,9,44,48,48,,39,51,,46,,,42,55,51,36,46,,,,
Benin,BEN,SSA,45,70,3.40,6,39,51,48,,43,,,32,,,,62,51,,36,,,,
Romania,ROU,WE/EU,45,70,1.37,9,43,47,,,43,34,59,46,37,,42,49,,44,47,,,,
Sao Tome and Principe,STP,SSA,45,70,5.38,4,36,54,28,,,,,46,,,,56,51,,,,,,
Jamaica,JAM,AME,44,73,3.61,6,38,50,,,39,34,,32,,,42,63,,,51,,,,
Solomon Islands,SLB,AP,44,73,6.89,3,33,55,,,,,,59,,,,34,39,,,,,,
Timor-Leste,TLS,AP,44,73,5.13,4,36,52,,,43,,,32,,,,60,39,,,,,,
China,CHN,AP,43,76,1.30,8,41,45,,,43,51,,46,48,42,33,37,,,42,,,,
Cote d'Ivoire,CIV,SSA,43,76,2.78,9,38,48,55,,26,34,,59,,,51,33,63,41,25,,,,
Ghana,GHA,SSA,43,76,1.54,10,40,46,59,,43,51,,46,32,,51,31,51,36,33,,,,
Kosovo,KSV,ECA,43,76,2.23,7,39,47,,,43,,33,46,,,,57,51,36,39,,,,
Moldova,MDA,ECA,42,80,1.76,7,39,45,,,43,34,37,46,,,44,53,,,35,,,,
South Africa,ZAF,SSA,41,81,2.39,9,37,45,62,,47,51,,46,22,,42,37,,26,40,,,,
Trinidad and Tobago,TTO,AME,41,81,4.44,6,34,48,,,34,34,,32,,,33,69,,,41,,,,
Vietnam,VNM,AP,41,81,1.72,8,38,44,,,39,34,,46,,32,39,42,,56,37,,,,
Bulgaria,BGR,WE/EU,40,84,1.96,9,37,43,,,51,34,55,32,25,,51,35,,39,38,,,,
Burkina Faso,BFA,SSA,40,84,2.49,7,36,44,52,,26,,,46,,,33,48,39,,36,,,,
Cuba,CUB,AME,40,84,2.62,5,36,44,,,39,51,,32,,,42,35,,,,,,,
Guyana,GUY,AME,40,84,1.80,5,37,43,,,,,,32,,,42,46,39,,39,,,,
Hungary,HUN,WE/EU,40,84,0.87,10,39,41,,36,30,51,41,46,37,,42,41,,39,41,,,,
North Macedonia,MKD,ECA,40,84,2.42,7,36,44,,,51,34,44,46,,,,24,,36,42,,,,
Tanzania,TZA,SSA,40,84,1.84,9,37,43,48,,34,34,,32,,,33,58,39,50,32,,,,
Albania,ALB,ECA,39,91,2.41,7,35,43,,,56,34,44,32,,,42,32,,,31,,,,
India,IND,AP,39,91,1.45,9,37,41,,,47,34,,46,40,34,51,29,,38,31,,,,
Maldives,MDV,AP,39,91,3.73,3,33,45,,,,,,32,,,,46,39,,,,,,
Morocco,MAR,MENA,39,91,1.85,8,36,42,48,,30,34,,32,,,50,31,,45,37,,,,
Tunisia,TUN,MENA,39,91,1.32,8,37,41,42,,34,34,,46,,,33,47,,44,35,,,,
Ethiopia,ETH,SSA,38,96,1.36,8,36,40,45,,34,34,,46,,,37,37,39,,27,,,,
Kazakhstan,KAZ,ECA,38,96,3.53,9,32,44,,,34,18,18,46,63,,69,27,,27,38,,,,
Suriname,SUR,AME,38,96,5.28,5,29,47,,,,,,32,,,33,63,27,,35,,,,
Colombia,COL,AME,37,99,2.22,8,33,41,,,47,34,,46,22,,33,48,,27,38,,,,
Dominican Republic,DOM,AME,37,99,2.93,7,32,42,,,51,51,,32,,,24,27,,40,34,,,,
Gambia,GMB,SSA,37,99,2.50,8,33,41,21,,39,,,46,,,36,57,39,28,31,,,,
Lesotho,LSO,SSA,37,99,4.31,6,30,44,24,,43,,,59,,,,38,39,21,,,,,
Zambia,ZMB,SSA,37,99,1.36,9,35,39,34,,34,34,,46,,,33,50,27,38,34,,,,
Argentina,ARG,AME,36,104,2.18,8,32,40,,,47,34,,32,24,,33,48,,24,42,,,,
Belize,BLZ,AME,36,104,1.92,3,33,39,,,,,,32,,,,,39,,38,,,,
Ukraine,UKR,ECA,36,104,2.40,8,32,40,,,56,18,37,32,,,33,33,,42,34,,,,
Brazil,BRA,AME,35,107,2.76,8,30,40,,,56,34,,32,23,,33,45,,17,38,,,,
Sri Lanka,LKA,AP,35,107,1.22,8,33,37,,,34,34,,32,,,33,44,39,25,36,,,,
Algeria,DZA,MENA,34,109,2.32,8,30,38,21,,39,34,,32,,,26,29,,55,38,,,,
Bosnia and Herzegovina,BIH,ECA,34,109,2.60,7,30,38,,,47,34,41,32,,,,23,,19,38,,,,
Indonesia,IDN,AP,34,109,2.34,9,30,38,,,30,34,,32,26,34,33,23,,65,27,,,,
Laos,LAO,AP,34,109,5.12,5,26,42,,,26,,,32,,,,24,27,58,,,,,
Malawi,MWI,SSA,34,109,1.54,9,31,37,38,,34,18,,46,,,33,26,39,39,34,,,,
Nepal,NPL,AP,34,109,0.92,6,32,36,,,34,,,32,,,,33,39,31,33,,,,
Sierra Leone,SLE,SSA,34,109,2.01,8,31,37,38,,30,18,,46,,,35,41,39,,26,,,,
Ecuador,ECU,AME,33,116,1.87,7,30,36,,,43,34,,32,,,37,31,,20,30,,,,
Panama,PAN,AME,33,116,1.52,7,31,35,,,30,34,,32,,,33,43,,24,36,,,,
Serbia,SRB,ECA,33,116,2.01,7,30,36,,,34,34,48,32,,,33,24,,,28,,,,
Thailand,THA,AP,33,116,1.00,9,31,35,,,30,34,,32,26,45,33,30,,35,32,,,,
Angola,AGO,SSA,32,120,2.53,8,28,36,38,,34,18,,46,,,42,37,,14,29,,,,
El Salvador,SLV,AME,32,120,1.48,7,30,34,,,30,34,,32,,,42,29,,24,31,,,,
Philippines,PHL,AP,32,120,2.14,9,28,36,,,34,34,,32,18,44,37,17,,51,24,,,,
Togo,TGO,SSA,32,120,1.47,7,30,34,34,,26,,,32,,,33,23,39,,34,,,,
Belarus,BLR,ECA,31,124,3.49,7,25,37,,,26,18,18,32,,,24,46,,,51,,,,
Djibouti,DJI,SSA,31,124,1.95,5,28,34,28,,26,,,32,,,,29,39,,,,,,
Mongolia,MNG,AP,31,124,1.02,8,29,33,,,39,34,,32,26,,33,26,,28,32,,,,
Niger,NER,SSA,31,124,1.95,7,28,34,45,,26,,,32,,,24,36,27,,30,,,,
Turkey,TUR,ECA,31,124,2.04,8,28,34,,,21,34,,46,24,,33,19,,37,33,,,,
Uzbekistan,UZB,ECA,31,124,2.73,8,27,35,,,30,18,18,32,,,51,18,39,,38,,,,
Azerbaijan,AZE,ECA,30,130,6.55,7,19,41,,,26,18,14,32,,,24,14,,84,,,,,
Egypt,EGY,MENA,30,130,3.27,8,25,35,7,,26,34,,32,,,31,25,,58,27,,,,
Kenya,KEN,SSA,30,130,1.73,10,27,33,31,,30,18,,32,22,,42,38,51,18,22,,,,
Mauritania,MRT,SSA,30,130,2.36,6,26,34,28,,34,,,32,,,,17,39,,28,,,,
Peru,PER,AME,30,130,2.19,8,26,34,,,47,34,,32,14,,33,30,,22,31,,,,
Gabon,GAB,SSA,29,135,1.30,8,27,31,24,,34,34,,32,,,33,26,,19,25,,,,
Bolivia,BOL,AME,28,136,3.00,7,23,33,,,39,34,,32,,,33,30,,6,18,,,,
Iraq,IRQ,MENA,28,136,5.21,6,19,37,,,47,18,,6,,,33,18,,46,,,,,
Liberia,LBR,SSA,28,136,2.16,8,24,32,38,,26,,,19,,,42,15,27,34,21,,,,
Mali,MLI,SSA,28,136,2.15,8,24,32,45,,30,,,32,,,33,24,15,27,18,,,,
Pakistan,PAK,AP,28,136,1.73,8,25,31,,,21,18,,32,,,33,19,39,32,25,,,,
Mexico,MEX,AME,27,141,1.49,8,25,29,,,30,34,,19,20,,24,37,,25,23,,,,
Cameroon,CMR,SSA,26,142,1.69,9,23,29,34,,30,18,,32,,,24,11,39,27,19,,,,
Guatemala,GTM,AME,26,142,1.13,7,24,28,,,26,18,,32,,,24,27,,27,28,,,,
Guinea,GIN,SSA,26,142,1.60,7,23,29,28,,34,,,32,,,24,16,27,,24,,,,
Kyrgyzstan,KGZ,ECA,26,142,2.09,7,23,29,,,26,,22,19,,,,20,27,42,26,,,,
Nigeria,NGA,SSA,26,142,1.47,10,24,28,31,,34,18,,19,30,,33,11,39,15,26,,,,
Papua New Guinea,PNG,AP,26,142,2.52,6,22,30,,,34,18,,32,,,33,26,15,,,,,,
Madagascar,MDG,SSA,25,148,1.45,7,23,27,28,,30,,,32,,,24,18,27,,18,,,,
Uganda,UGA,SSA,25,148,1.22,8,23,27,28,,26,34,,19,,,24,20,27,,18,,,,
Bangladesh,BGD,AP,24,150,1.50,8,22,26,,,30,18,,19,,,33,13,27,25,24,,,,
Central African Republic,CAF,SSA,24,150,2.09,5,21,27,28,,30,,,19,,,,17,27,,,,,,
Paraguay,PRY,AME,24,150,2.29,7,20,28,,,34,34,,19,,,26,20,,11,26,,,,
Congo,COG,SSA,23,153,1.69,8,20,26,34,,21,18,,19,,,15,18,27,,33,,,,
Eswatini,SWZ,SSA,23,153,4.66,5,15,31,24,,21,,,32,,,,36,3,,,,,,
Iran,IRN,MENA,23,153,2.02,7,20,26,,,13,18,,32,,,22,22,,20,34,,,,
Lebanon,LBN,MENA,23,153,1.69,6,20,26,,,21,18,,19,,,29,18,,,30,,,,
Chad,TCD,SSA,22,157,3.63,6,16,28,28,,17,,,19,,,,10,15,43,,,,,
Honduras,HND,AME,22,157,0.87,8,21,23,,,21,18,,19,,,24,24,27,15,24,,,,
Russia,RUS,ECA,22,157,1.48,7,20,24,,,26,18,14,19,,,24,21,,,31,,,,
Zimbabwe,ZWE,SSA,22,157,0.74,9,21,23,17,,21,18,,19,,,24,19,27,27,24,,,,
Guinea Bissau,GNB,SSA,21,161,4.30,6,14,28,10,,30,,,19,,,42,20,3,,,,,,
Mozambique,MOZ,SSA,21,161,1.80,9,18,24,10,,26,18,,19,,,42,25,15,13,22,,,,
Cambodia,KHM,AP,20,163,3.04,7,15,25,,,8,18,,32,,40,,14,15,,14,,,,
Comoros,COM,SSA,20,163,8.21,4,7,33,0,,,,,46,,,,18,15,,,,,,
Democratic Republic of the Congo,COD,SSA,20,163,1.21,9,18,22,31,,21,18,,19,,,24,12,27,14,15,,,,
Tajikistan,TJK,ECA,19,166,1.78,5,16,22,,,17,,14,19,,,,17,27,,,,,,
Burundi,BDI,SSA,17,167,3.39,5,11,23,28,,13,,,19,,,,22,3,,,,,,
Turkmenistan,TKM,ECA,17,167,0.81,5,16,18,,,17,18,14,19,,,,14,,,,,,,
Afghanistan,AFG,AP,16,169,4.23,5,9,23,,,26,,,6,,,,29,3,,16,,,,
Haiti,HTI,AME,16,169,2.17,6,12,20,,,17,,,19,,,15,22,3,,21,,,,
Myanmar,MMR,AP,16,169,1.92,7,13,19,,,8,18,,19,,,24,18,3,,19,,,,
Equatorial Guinea,GNQ,SSA,15,172,2.46,5,11,19,3,,17,18,,19,,,,18,,,,,,,
"Korea, North",PRK,AP,15,172,4.13,4,8,22,,,13,,,6,,,15,29,,,,,,,
Syria,SYR,MENA,15,172,2.52,5,11,19,,,13,18,,6,,,15,24,,,,,,,
Nicaragua,NIC,AME,14,175,1.47,7,12,16,,,17,18,,19,,,15,11,3,,15,,,,
Sudan,SDN,SSA,14,175,1.94,8,11,17,17,,8,18,,19,,,6,20,0,,24,,,,
Eritrea,ERI,SSA,13,177,5.35,5,4,22,0,,8,,,32,,,,24,0,,,,,,
Libya,LBY,MENA,13,177,2.64,6,9,17,0,,21,18,,6,,,15,19,,,,,,,
Yemen,YEM,MENA,13,177,1.83,7,10,16,,,13,18,,6,,,15,13,3,23,,,,,
Venezuela,VEN,AME,10,180,1.01,8,8,12,,,8,18,,6,15,,6,9,,8,8,,,,
Somalia,SOM,SSA,9,181,2.26,6,5,13,0,,8,,,19,,,6,15,3,,,,,,
South Sudan,SSD,SSA,9,181,2.56,5,5,13,7,,13,,,6,,,,18,0,,,,,,